Workbook

Sheet 감독표
A1: 학년 | B1: 1 | C1: 연도 | D1: 2026 | E1: 월 | F1: 11 | G1: ← 노란 칸만 고칩니다. 월을 바꾸면 그달 평일이 날짜 칸에 채워집니다.
A2: 자율학습이 없는 날은 그 줄의 날짜 칸을 지우세요(Delete). 토요일 등은 아래 빈 줄에 날짜를 직접 적습니다. 다 채우면 A~D열(날짜·감독1·감독2·감독3)을 드래그해 복사 → 앱 「감독표 → 배정」에 붙여 넣기.
A3: 날짜 | B3: 감독1 | C3: 감독2 | D3: 감독3 (심야) | E3: 요일 | F3: 확인
A4: =IF(MONTH(((DATE($D$1,$F$1,1)+CHOOSE(WEEKDAY(DATE($D$1,$F$1,1)),1,0,0,0,0,0,2))+0+2*INT((WEEKDAY((DATE($D$1,$F$1,1)+CHOOSE(WEEKDAY(DATE($D$1,$F$1,1)),1,0,0,0,0,0,2)),2)-1+0)/5)))=$F$1,((DATE($D$1,$F$1,1)+CHOOSE(WEEKDAY(DATE($D$1,$F$1,1)),1,0,0,0,0,0,2))+0+2*INT((WEEKDAY((DATE($D$1,$F$1,1)+CHOOSE(WEEKDAY(DATE($D$1,$F$1,1)),1,0,0,0,0,0,2)),2)-1+0)/5)),"") | E4: =IF(A4="","",CHOOSE(WEEKDAY(A4),"일","월","화","수","목","금","토")) | F4: =IF(COUNTA(B4:D4)=0,"",IF(A4="","날짜 없음",IF(OR(AND(B4<>"",B4=C4),AND(B4<>"",B4=D4),AND(C4<>"",C4=D4)),"같은 사람 두 칸",IF(COUNTA('명렬'!$A$2:$A$400)=0,"",IF(OR(AND(B4<>"",COUNTIF('명렬'!$A$2:$A$400,B4)=0),AND(C4<>"",COUNTIF('명렬'!$A$2:$A$400,C4)=0),AND(D4<>"",COUNTIF('명렬'!$A$2:$A$400,D4)=0)),"명렬에 없는 이름","")))))
A5: =IF(MONTH(((DATE($D$1,$F$1,1)+CHOOSE(WEEKDAY(DATE($D$1,$F$1,1)),1,0,0,0,0,0,2))+1+2*INT((WEEKDAY((DATE($D$1,$F$1,1)+CHOOSE(WEEKDAY(DATE($D$1,$F$1,1)),1,0,0,0,0,0,2)),2)-1+1)/5)))=$F$1,((DATE($D$1,$F$1,1)+CHOOSE(WEEKDAY(DATE($D$1,$F$1,1)),1,0,0,0,0,0,2))+1+2*INT((WEEKDAY((DATE($D$1,$F$1,1)+CHOOSE(WEEKDAY(DATE($D$1,$F$1,1)),1,0,0,0,0,0,2)),2)-1+1)/5)),"") | E5: =IF(A5="","",CHOOSE(WEEKDAY(A5),"일","월","화","수","목","금","토")) | F5: =IF(COUNTA(B5:D5)=0,"",IF(A5="","날짜 없음",IF(OR(AND(B5<>"",B5=C5),AND(B5<>"",B5=D5),AND(C5<>"",C5=D5)),"같은 사람 두 칸",IF(COUNTA('명렬'!$A$2:$A$400)=0,"",IF(OR(AND(B5<>"",COUNTIF('명렬'!$A$2:$A$400,B5)=0),AND(C5<>"",COUNTIF('명렬'!$A$2:$A$400,C5)=0),AND(D5<>"",COUNTIF('명렬'!$A$2:$A$400,D5)=0)),"명렬에 없는 이름","")))))
A6: =IF(MONTH(((DATE($D$1,$F$1,1)+CHOOSE(WEEKDAY(DATE($D$1,$F$1,1)),1,0,0,0,0,0,2))+2+2*INT((WEEKDAY((DATE($D$1,$F$1,1)+CHOOSE(WEEKDAY(DATE($D$1,$F$1,1)),1,0,0,0,0,0,2)),2)-1+2)/5)))=$F$1,((DATE($D$1,$F$1,1)+CHOOSE(WEEKDAY(DATE($D$1,$F$1,1)),1,0,0,0,0,0,2))+2+2*INT((WEEKDAY((DATE($D$1,$F$1,1)+CHOOSE(WEEKDAY(DATE($D$1,$F$1,1)),1,0,0,0,0,0,2)),2)-1+2)/5)),"") | E6: =IF(A6="","",CHOOSE(WEEKDAY(A6),"일","월","화","수","목","금","토")) | F6: =IF(COUNTA(B6:D6)=0,"",IF(A6="","날짜 없음",IF(OR(AND(B6<>"",B6=C6),AND(B6<>"",B6=D6),AND(C6<>"",C6=D6)),"같은 사람 두 칸",IF(COUNTA('명렬'!$A$2:$A$400)=0,"",IF(OR(AND(B6<>"",COUNTIF('명렬'!$A$2:$A$400,B6)=0),AND(C6<>"",COUNTIF('명렬'!$A$2:$A$400,C6)=0),AND(D6<>"",COUNTIF('명렬'!$A$2:$A$400,D6)=0)),"명렬에 없는 이름","")))))
A7: =IF(MONTH(((DATE($D$1,$F$1,1)+CHOOSE(WEEKDAY(DATE($D$1,$F$1,1)),1,0,0,0,0,0,2))+3+2*INT((WEEKDAY((DATE($D$1,$F$1,1)+CHOOSE(WEEKDAY(DATE($D$1,$F$1,1)),1,0,0,0,0,0,2)),2)-1+3)/5)))=$F$1,((DATE($D$1,$F$1,1)+CHOOSE(WEEKDAY(DATE($D$1,$F$1,1)),1,0,0,0,0,0,2))+3+2*INT((WEEKDAY((DATE($D$1,$F$1,1)+CHOOSE(WEEKDAY(DATE($D$1,$F$1,1)),1,0,0,0,0,0,2)),2)-1+3)/5)),"") | E7: =IF(A7="","",CHOOSE(WEEKDAY(A7),"일","월","화","수","목","금","토")) | F7: =IF(COUNTA(B7:D7)=0,"",IF(A7="","날짜 없음",IF(OR(AND(B7<>"",B7=C7),AND(B7<>"",B7=D7),AND(C7<>"",C7=D7)),"같은 사람 두 칸",IF(COUNTA('명렬'!$A$2:$A$400)=0,"",IF(OR(AND(B7<>"",COUNTIF('명렬'!$A$2:$A$400,B7)=0),AND(C7<>"",COUNTIF('명렬'!$A$2:$A$400,C7)=0),AND(D7<>"",COUNTIF('명렬'!$A$2:$A$400,D7)=0)),"명렬에 없는 이름","")))))
A8: =IF(MONTH(((DATE($D$1,$F$1,1)+CHOOSE(WEEKDAY(DATE($D$1,$F$1,1)),1,0,0,0,0,0,2))+4+2*INT((WEEKDAY((DATE($D$1,$F$1,1)+CHOOSE(WEEKDAY(DATE($D$1,$F$1,1)),1,0,0,0,0,0,2)),2)-1+4)/5)))=$F$1,((DATE($D$1,$F$1,1)+CHOOSE(WEEKDAY(DATE($D$1,$F$1,1)),1,0,0,0,0,0,2))+4+2*INT((WEEKDAY((DATE($D$1,$F$1,1)+CHOOSE(WEEKDAY(DATE($D$1,$F$1,1)),1,0,0,0,0,0,2)),2)-1+4)/5)),"") | E8: =IF(A8="","",CHOOSE(WEEKDAY(A8),"일","월","화","수","목","금","토")) | F8: =IF(COUNTA(B8:D8)=0,"",IF(A8="","날짜 없음",IF(OR(AND(B8<>"",B8=C8),AND(B8<>"",B8=D8),AND(C8<>"",C8=D8)),"같은 사람 두 칸",IF(COUNTA('명렬'!$A$2:$A$400)=0,"",IF(OR(AND(B8<>"",COUNTIF('명렬'!$A$2:$A$400,B8)=0),AND(C8<>"",COUNTIF('명렬'!$A$2:$A$400,C8)=0),AND(D8<>"",COUNTIF('명렬'!$A$2:$A$400,D8)=0)),"명렬에 없는 이름","")))))
A9: =IF(MONTH(((DATE($D$1,$F$1,1)+CHOOSE(WEEKDAY(DATE($D$1,$F$1,1)),1,0,0,0,0,0,2))+5+2*INT((WEEKDAY((DATE($D$1,$F$1,1)+CHOOSE(WEEKDAY(DATE($D$1,$F$1,1)),1,0,0,0,0,0,2)),2)-1+5)/5)))=$F$1,((DATE($D$1,$F$1,1)+CHOOSE(WEEKDAY(DATE($D$1,$F$1,1)),1,0,0,0,0,0,2))+5+2*INT((WEEKDAY((DATE($D$1,$F$1,1)+CHOOSE(WEEKDAY(DATE($D$1,$F$1,1)),1,0,0,0,0,0,2)),2)-1+5)/5)),"") | E9: =IF(A9="","",CHOOSE(WEEKDAY(A9),"일","월","화","수","목","금","토")) | F9: =IF(COUNTA(B9:D9)=0,"",IF(A9="","날짜 없음",IF(OR(AND(B9<>"",B9=C9),AND(B9<>"",B9=D9),AND(C9<>"",C9=D9)),"같은 사람 두 칸",IF(COUNTA('명렬'!$A$2:$A$400)=0,"",IF(OR(AND(B9<>"",COUNTIF('명렬'!$A$2:$A$400,B9)=0),AND(C9<>"",COUNTIF('명렬'!$A$2:$A$400,C9)=0),AND(D9<>"",COUNTIF('명렬'!$A$2:$A$400,D9)=0)),"명렬에 없는 이름","")))))
A10: =IF(MONTH(((DATE($D$1,$F$1,1)+CHOOSE(WEEKDAY(DATE($D$1,$F$1,1)),1,0,0,0,0,0,2))+6+2*INT((WEEKDAY((DATE($D$1,$F$1,1)+CHOOSE(WEEKDAY(DATE($D$1,$F$1,1)),1,0,0,0,0,0,2)),2)-1+6)/5)))=$F$1,((DATE($D$1,$F$1,1)+CHOOSE(WEEKDAY(DATE($D$1,$F$1,1)),1,0,0,0,0,0,2))+6+2*INT((WEEKDAY((DATE($D$1,$F$1,1)+CHOOSE(WEEKDAY(DATE($D$1,$F$1,1)),1,0,0,0,0,0,2)),2)-1+6)/5)),"") | E10: =IF(A10="","",CHOOSE(WEEKDAY(A10),"일","월","화","수","목","금","토")) | F10: =IF(COUNTA(B10:D10)=0,"",IF(A10="","날짜 없음",IF(OR(AND(B10<>"",B10=C10),AND(B10<>"",B10=D10),AND(C10<>"",C10=D10)),"같은 사람 두 칸",IF(COUNTA('명렬'!$A$2:$A$400)=0,"",IF(OR(AND(B10<>"",COUNTIF('명렬'!$A$2:$A$400,B10)=0),AND(C10<>"",COUNTIF('명렬'!$A$2:$A$400,C10)=0),AND(D10<>"",COUNTIF('명렬'!$A$2:$A$400,D10)=0)),"명렬에 없는 이름","")))))
A11: =IF(MONTH(((DATE($D$1,$F$1,1)+CHOOSE(WEEKDAY(DATE($D$1,$F$1,1)),1,0,0,0,0,0,2))+7+2*INT((WEEKDAY((DATE($D$1,$F$1,1)+CHOOSE(WEEKDAY(DATE($D$1,$F$1,1)),1,0,0,0,0,0,2)),2)-1+7)/5)))=$F$1,((DATE($D$1,$F$1,1)+CHOOSE(WEEKDAY(DATE($D$1,$F$1,1)),1,0,0,0,0,0,2))+7+2*INT((WEEKDAY((DATE($D$1,$F$1,1)+CHOOSE(WEEKDAY(DATE($D$1,$F$1,1)),1,0,0,0,0,0,2)),2)-1+7)/5)),"") | E11: =IF(A11="","",CHOOSE(WEEKDAY(A11),"일","월","화","수","목","금","토")) | F11: =IF(COUNTA(B11:D11)=0,"",IF(A11="","날짜 없음",IF(OR(AND(B11<>"",B11=C11),AND(B11<>"",B11=D11),AND(C11<>"",C11=D11)),"같은 사람 두 칸",IF(COUNTA('명렬'!$A$2:$A$400)=0,"",IF(OR(AND(B11<>"",COUNTIF('명렬'!$A$2:$A$400,B11)=0),AND(C11<>"",COUNTIF('명렬'!$A$2:$A$400,C11)=0),AND(D11<>"",COUNTIF('명렬'!$A$2:$A$400,D11)=0)),"명렬에 없는 이름","")))))
A12: =IF(MONTH(((DATE($D$1,$F$1,1)+CHOOSE(WEEKDAY(DATE($D$1,$F$1,1)),1,0,0,0,0,0,2))+8+2*INT((WEEKDAY((DATE($D$1,$F$1,1)+CHOOSE(WEEKDAY(DATE($D$1,$F$1,1)),1,0,0,0,0,0,2)),2)-1+8)/5)))=$F$1,((DATE($D$1,$F$1,1)+CHOOSE(WEEKDAY(DATE($D$1,$F$1,1)),1,0,0,0,0,0,2))+8+2*INT((WEEKDAY((DATE($D$1,$F$1,1)+CHOOSE(WEEKDAY(DATE($D$1,$F$1,1)),1,0,0,0,0,0,2)),2)-1+8)/5)),"") | E12: =IF(A12="","",CHOOSE(WEEKDAY(A12),"일","월","화","수","목","금","토")) | F12: =IF(COUNTA(B12:D12)=0,"",IF(A12="","날짜 없음",IF(OR(AND(B12<>"",B12=C12),AND(B12<>"",B12=D12),AND(C12<>"",C12=D12)),"같은 사람 두 칸",IF(COUNTA('명렬'!$A$2:$A$400)=0,"",IF(OR(AND(B12<>"",COUNTIF('명렬'!$A$2:$A$400,B12)=0),AND(C12<>"",COUNTIF('명렬'!$A$2:$A$400,C12)=0),AND(D12<>"",COUNTIF('명렬'!$A$2:$A$400,D12)=0)),"명렬에 없는 이름","")))))
A13: =IF(MONTH(((DATE($D$1,$F$1,1)+CHOOSE(WEEKDAY(DATE($D$1,$F$1,1)),1,0,0,0,0,0,2))+9+2*INT((WEEKDAY((DATE($D$1,$F$1,1)+CHOOSE(WEEKDAY(DATE($D$1,$F$1,1)),1,0,0,0,0,0,2)),2)-1+9)/5)))=$F$1,((DATE($D$1,$F$1,1)+CHOOSE(WEEKDAY(DATE($D$1,$F$1,1)),1,0,0,0,0,0,2))+9+2*INT((WEEKDAY((DATE($D$1,$F$1,1)+CHOOSE(WEEKDAY(DATE($D$1,$F$1,1)),1,0,0,0,0,0,2)),2)-1+9)/5)),"") | E13: =IF(A13="","",CHOOSE(WEEKDAY(A13),"일","월","화","수","목","금","토")) | F13: =IF(COUNTA(B13:D13)=0,"",IF(A13="","날짜 없음",IF(OR(AND(B13<>"",B13=C13),AND(B13<>"",B13=D13),AND(C13<>"",C13=D13)),"같은 사람 두 칸",IF(COUNTA('명렬'!$A$2:$A$400)=0,"",IF(OR(AND(B13<>"",COUNTIF('명렬'!$A$2:$A$400,B13)=0),AND(C13<>"",COUNTIF('명렬'!$A$2:$A$400,C13)=0),AND(D13<>"",COUNTIF('명렬'!$A$2:$A$400,D13)=0)),"명렬에 없는 이름","")))))
A14: =IF(MONTH(((DATE($D$1,$F$1,1)+CHOOSE(WEEKDAY(DATE($D$1,$F$1,1)),1,0,0,0,0,0,2))+10+2*INT((WEEKDAY((DATE($D$1,$F$1,1)+CHOOSE(WEEKDAY(DATE($D$1,$F$1,1)),1,0,0,0,0,0,2)),2)-1+10)/5)))=$F$1,((DATE($D$1,$F$1,1)+CHOOSE(WEEKDAY(DATE($D$1,$F$1,1)),1,0,0,0,0,0,2))+10+2*INT((WEEKDAY((DATE($D$1,$F$1,1)+CHOOSE(WEEKDAY(DATE($D$1,$F$1,1)),1,0,0,0,0,0,2)),2)-1+10)/5)),"") | E14: =IF(A14="","",CHOOSE(WEEKDAY(A14),"일","월","화","수","목","금","토")) | F14: =IF(COUNTA(B14:D14)=0,"",IF(A14="","날짜 없음",IF(OR(AND(B14<>"",B14=C14),AND(B14<>"",B14=D14),AND(C14<>"",C14=D14)),"같은 사람 두 칸",IF(COUNTA('명렬'!$A$2:$A$400)=0,"",IF(OR(AND(B14<>"",COUNTIF('명렬'!$A$2:$A$400,B14)=0),AND(C14<>"",COUNTIF('명렬'!$A$2:$A$400,C14)=0),AND(D14<>"",COUNTIF('명렬'!$A$2:$A$400,D14)=0)),"명렬에 없는 이름","")))))
A15: =IF(MONTH(((DATE($D$1,$F$1,1)+CHOOSE(WEEKDAY(DATE($D$1,$F$1,1)),1,0,0,0,0,0,2))+11+2*INT((WEEKDAY((DATE($D$1,$F$1,1)+CHOOSE(WEEKDAY(DATE($D$1,$F$1,1)),1,0,0,0,0,0,2)),2)-1+11)/5)))=$F$1,((DATE($D$1,$F$1,1)+CHOOSE(WEEKDAY(DATE($D$1,$F$1,1)),1,0,0,0,0,0,2))+11+2*INT((WEEKDAY((DATE($D$1,$F$1,1)+CHOOSE(WEEKDAY(DATE($D$1,$F$1,1)),1,0,0,0,0,0,2)),2)-1+11)/5)),"") | E15: =IF(A15="","",CHOOSE(WEEKDAY(A15),"일","월","화","수","목","금","토")) | F15: =IF(COUNTA(B15:D15)=0,"",IF(A15="","날짜 없음",IF(OR(AND(B15<>"",B15=C15),AND(B15<>"",B15=D15),AND(C15<>"",C15=D15)),"같은 사람 두 칸",IF(COUNTA('명렬'!$A$2:$A$400)=0,"",IF(OR(AND(B15<>"",COUNTIF('명렬'!$A$2:$A$400,B15)=0),AND(C15<>"",COUNTIF('명렬'!$A$2:$A$400,C15)=0),AND(D15<>"",COUNTIF('명렬'!$A$2:$A$400,D15)=0)),"명렬에 없는 이름","")))))
A16: =IF(MONTH(((DATE($D$1,$F$1,1)+CHOOSE(WEEKDAY(DATE($D$1,$F$1,1)),1,0,0,0,0,0,2))+12+2*INT((WEEKDAY((DATE($D$1,$F$1,1)+CHOOSE(WEEKDAY(DATE($D$1,$F$1,1)),1,0,0,0,0,0,2)),2)-1+12)/5)))=$F$1,((DATE($D$1,$F$1,1)+CHOOSE(WEEKDAY(DATE($D$1,$F$1,1)),1,0,0,0,0,0,2))+12+2*INT((WEEKDAY((DATE($D$1,$F$1,1)+CHOOSE(WEEKDAY(DATE($D$1,$F$1,1)),1,0,0,0,0,0,2)),2)-1+12)/5)),"") | E16: =IF(A16="","",CHOOSE(WEEKDAY(A16),"일","월","화","수","목","금","토")) | F16: =IF(COUNTA(B16:D16)=0,"",IF(A16="","날짜 없음",IF(OR(AND(B16<>"",B16=C16),AND(B16<>"",B16=D16),AND(C16<>"",C16=D16)),"같은 사람 두 칸",IF(COUNTA('명렬'!$A$2:$A$400)=0,"",IF(OR(AND(B16<>"",COUNTIF('명렬'!$A$2:$A$400,B16)=0),AND(C16<>"",COUNTIF('명렬'!$A$2:$A$400,C16)=0),AND(D16<>"",COUNTIF('명렬'!$A$2:$A$400,D16)=0)),"명렬에 없는 이름","")))))
A17: =IF(MONTH(((DATE($D$1,$F$1,1)+CHOOSE(WEEKDAY(DATE($D$1,$F$1,1)),1,0,0,0,0,0,2))+13+2*INT((WEEKDAY((DATE($D$1,$F$1,1)+CHOOSE(WEEKDAY(DATE($D$1,$F$1,1)),1,0,0,0,0,0,2)),2)-1+13)/5)))=$F$1,((DATE($D$1,$F$1,1)+CHOOSE(WEEKDAY(DATE($D$1,$F$1,1)),1,0,0,0,0,0,2))+13+2*INT((WEEKDAY((DATE($D$1,$F$1,1)+CHOOSE(WEEKDAY(DATE($D$1,$F$1,1)),1,0,0,0,0,0,2)),2)-1+13)/5)),"") | E17: =IF(A17="","",CHOOSE(WEEKDAY(A17),"일","월","화","수","목","금","토")) | F17: =IF(COUNTA(B17:D17)=0,"",IF(A17="","날짜 없음",IF(OR(AND(B17<>"",B17=C17),AND(B17<>"",B17=D17),AND(C17<>"",C17=D17)),"같은 사람 두 칸",IF(COUNTA('명렬'!$A$2:$A$400)=0,"",IF(OR(AND(B17<>"",COUNTIF('명렬'!$A$2:$A$400,B17)=0),AND(C17<>"",COUNTIF('명렬'!$A$2:$A$400,C17)=0),AND(D17<>"",COUNTIF('명렬'!$A$2:$A$400,D17)=0)),"명렬에 없는 이름","")))))
A18: =IF(MONTH(((DATE($D$1,$F$1,1)+CHOOSE(WEEKDAY(DATE($D$1,$F$1,1)),1,0,0,0,0,0,2))+14+2*INT((WEEKDAY((DATE($D$1,$F$1,1)+CHOOSE(WEEKDAY(DATE($D$1,$F$1,1)),1,0,0,0,0,0,2)),2)-1+14)/5)))=$F$1,((DATE($D$1,$F$1,1)+CHOOSE(WEEKDAY(DATE($D$1,$F$1,1)),1,0,0,0,0,0,2))+14+2*INT((WEEKDAY((DATE($D$1,$F$1,1)+CHOOSE(WEEKDAY(DATE($D$1,$F$1,1)),1,0,0,0,0,0,2)),2)-1+14)/5)),"") | E18: =IF(A18="","",CHOOSE(WEEKDAY(A18),"일","월","화","수","목","금","토")) | F18: =IF(COUNTA(B18:D18)=0,"",IF(A18="","날짜 없음",IF(OR(AND(B18<>"",B18=C18),AND(B18<>"",B18=D18),AND(C18<>"",C18=D18)),"같은 사람 두 칸",IF(COUNTA('명렬'!$A$2:$A$400)=0,"",IF(OR(AND(B18<>"",COUNTIF('명렬'!$A$2:$A$400,B18)=0),AND(C18<>"",COUNTIF('명렬'!$A$2:$A$400,C18)=0),AND(D18<>"",COUNTIF('명렬'!$A$2:$A$400,D18)=0)),"명렬에 없는 이름","")))))
A19: =IF(MONTH(((DATE($D$1,$F$1,1)+CHOOSE(WEEKDAY(DATE($D$1,$F$1,1)),1,0,0,0,0,0,2))+15+2*INT((WEEKDAY((DATE($D$1,$F$1,1)+CHOOSE(WEEKDAY(DATE($D$1,$F$1,1)),1,0,0,0,0,0,2)),2)-1+15)/5)))=$F$1,((DATE($D$1,$F$1,1)+CHOOSE(WEEKDAY(DATE($D$1,$F$1,1)),1,0,0,0,0,0,2))+15+2*INT((WEEKDAY((DATE($D$1,$F$1,1)+CHOOSE(WEEKDAY(DATE($D$1,$F$1,1)),1,0,0,0,0,0,2)),2)-1+15)/5)),"") | E19: =IF(A19="","",CHOOSE(WEEKDAY(A19),"일","월","화","수","목","금","토")) | F19: =IF(COUNTA(B19:D19)=0,"",IF(A19="","날짜 없음",IF(OR(AND(B19<>"",B19=C19),AND(B19<>"",B19=D19),AND(C19<>"",C19=D19)),"같은 사람 두 칸",IF(COUNTA('명렬'!$A$2:$A$400)=0,"",IF(OR(AND(B19<>"",COUNTIF('명렬'!$A$2:$A$400,B19)=0),AND(C19<>"",COUNTIF('명렬'!$A$2:$A$400,C19)=0),AND(D19<>"",COUNTIF('명렬'!$A$2:$A$400,D19)=0)),"명렬에 없는 이름","")))))
A20: =IF(MONTH(((DATE($D$1,$F$1,1)+CHOOSE(WEEKDAY(DATE($D$1,$F$1,1)),1,0,0,0,0,0,2))+16+2*INT((WEEKDAY((DATE($D$1,$F$1,1)+CHOOSE(WEEKDAY(DATE($D$1,$F$1,1)),1,0,0,0,0,0,2)),2)-1+16)/5)))=$F$1,((DATE($D$1,$F$1,1)+CHOOSE(WEEKDAY(DATE($D$1,$F$1,1)),1,0,0,0,0,0,2))+16+2*INT((WEEKDAY((DATE($D$1,$F$1,1)+CHOOSE(WEEKDAY(DATE($D$1,$F$1,1)),1,0,0,0,0,0,2)),2)-1+16)/5)),"") | E20: =IF(A20="","",CHOOSE(WEEKDAY(A20),"일","월","화","수","목","금","토")) | F20: =IF(COUNTA(B20:D20)=0,"",IF(A20="","날짜 없음",IF(OR(AND(B20<>"",B20=C20),AND(B20<>"",B20=D20),AND(C20<>"",C20=D20)),"같은 사람 두 칸",IF(COUNTA('명렬'!$A$2:$A$400)=0,"",IF(OR(AND(B20<>"",COUNTIF('명렬'!$A$2:$A$400,B20)=0),AND(C20<>"",COUNTIF('명렬'!$A$2:$A$400,C20)=0),AND(D20<>"",COUNTIF('명렬'!$A$2:$A$400,D20)=0)),"명렬에 없는 이름","")))))
A21: =IF(MONTH(((DATE($D$1,$F$1,1)+CHOOSE(WEEKDAY(DATE($D$1,$F$1,1)),1,0,0,0,0,0,2))+17+2*INT((WEEKDAY((DATE($D$1,$F$1,1)+CHOOSE(WEEKDAY(DATE($D$1,$F$1,1)),1,0,0,0,0,0,2)),2)-1+17)/5)))=$F$1,((DATE($D$1,$F$1,1)+CHOOSE(WEEKDAY(DATE($D$1,$F$1,1)),1,0,0,0,0,0,2))+17+2*INT((WEEKDAY((DATE($D$1,$F$1,1)+CHOOSE(WEEKDAY(DATE($D$1,$F$1,1)),1,0,0,0,0,0,2)),2)-1+17)/5)),"") | E21: =IF(A21="","",CHOOSE(WEEKDAY(A21),"일","월","화","수","목","금","토")) | F21: =IF(COUNTA(B21:D21)=0,"",IF(A21="","날짜 없음",IF(OR(AND(B21<>"",B21=C21),AND(B21<>"",B21=D21),AND(C21<>"",C21=D21)),"같은 사람 두 칸",IF(COUNTA('명렬'!$A$2:$A$400)=0,"",IF(OR(AND(B21<>"",COUNTIF('명렬'!$A$2:$A$400,B21)=0),AND(C21<>"",COUNTIF('명렬'!$A$2:$A$400,C21)=0),AND(D21<>"",COUNTIF('명렬'!$A$2:$A$400,D21)=0)),"명렬에 없는 이름","")))))
A22: =IF(MONTH(((DATE($D$1,$F$1,1)+CHOOSE(WEEKDAY(DATE($D$1,$F$1,1)),1,0,0,0,0,0,2))+18+2*INT((WEEKDAY((DATE($D$1,$F$1,1)+CHOOSE(WEEKDAY(DATE($D$1,$F$1,1)),1,0,0,0,0,0,2)),2)-1+18)/5)))=$F$1,((DATE($D$1,$F$1,1)+CHOOSE(WEEKDAY(DATE($D$1,$F$1,1)),1,0,0,0,0,0,2))+18+2*INT((WEEKDAY((DATE($D$1,$F$1,1)+CHOOSE(WEEKDAY(DATE($D$1,$F$1,1)),1,0,0,0,0,0,2)),2)-1+18)/5)),"") | E22: =IF(A22="","",CHOOSE(WEEKDAY(A22),"일","월","화","수","목","금","토")) | F22: =IF(COUNTA(B22:D22)=0,"",IF(A22="","날짜 없음",IF(OR(AND(B22<>"",B22=C22),AND(B22<>"",B22=D22),AND(C22<>"",C22=D22)),"같은 사람 두 칸",IF(COUNTA('명렬'!$A$2:$A$400)=0,"",IF(OR(AND(B22<>"",COUNTIF('명렬'!$A$2:$A$400,B22)=0),AND(C22<>"",COUNTIF('명렬'!$A$2:$A$400,C22)=0),AND(D22<>"",COUNTIF('명렬'!$A$2:$A$400,D22)=0)),"명렬에 없는 이름","")))))
A23: =IF(MONTH(((DATE($D$1,$F$1,1)+CHOOSE(WEEKDAY(DATE($D$1,$F$1,1)),1,0,0,0,0,0,2))+19+2*INT((WEEKDAY((DATE($D$1,$F$1,1)+CHOOSE(WEEKDAY(DATE($D$1,$F$1,1)),1,0,0,0,0,0,2)),2)-1+19)/5)))=$F$1,((DATE($D$1,$F$1,1)+CHOOSE(WEEKDAY(DATE($D$1,$F$1,1)),1,0,0,0,0,0,2))+19+2*INT((WEEKDAY((DATE($D$1,$F$1,1)+CHOOSE(WEEKDAY(DATE($D$1,$F$1,1)),1,0,0,0,0,0,2)),2)-1+19)/5)),"") | E23: =IF(A23="","",CHOOSE(WEEKDAY(A23),"일","월","화","수","목","금","토")) | F23: =IF(COUNTA(B23:D23)=0,"",IF(A23="","날짜 없음",IF(OR(AND(B23<>"",B23=C23),AND(B23<>"",B23=D23),AND(C23<>"",C23=D23)),"같은 사람 두 칸",IF(COUNTA('명렬'!$A$2:$A$400)=0,"",IF(OR(AND(B23<>"",COUNTIF('명렬'!$A$2:$A$400,B23)=0),AND(C23<>"",COUNTIF('명렬'!$A$2:$A$400,C23)=0),AND(D23<>"",COUNTIF('명렬'!$A$2:$A$400,D23)=0)),"명렬에 없는 이름","")))))
A24: =IF(MONTH(((DATE($D$1,$F$1,1)+CHOOSE(WEEKDAY(DATE($D$1,$F$1,1)),1,0,0,0,0,0,2))+20+2*INT((WEEKDAY((DATE($D$1,$F$1,1)+CHOOSE(WEEKDAY(DATE($D$1,$F$1,1)),1,0,0,0,0,0,2)),2)-1+20)/5)))=$F$1,((DATE($D$1,$F$1,1)+CHOOSE(WEEKDAY(DATE($D$1,$F$1,1)),1,0,0,0,0,0,2))+20+2*INT((WEEKDAY((DATE($D$1,$F$1,1)+CHOOSE(WEEKDAY(DATE($D$1,$F$1,1)),1,0,0,0,0,0,2)),2)-1+20)/5)),"") | E24: =IF(A24="","",CHOOSE(WEEKDAY(A24),"일","월","화","수","목","금","토")) | F24: =IF(COUNTA(B24:D24)=0,"",IF(A24="","날짜 없음",IF(OR(AND(B24<>"",B24=C24),AND(B24<>"",B24=D24),AND(C24<>"",C24=D24)),"같은 사람 두 칸",IF(COUNTA('명렬'!$A$2:$A$400)=0,"",IF(OR(AND(B24<>"",COUNTIF('명렬'!$A$2:$A$400,B24)=0),AND(C24<>"",COUNTIF('명렬'!$A$2:$A$400,C24)=0),AND(D24<>"",COUNTIF('명렬'!$A$2:$A$400,D24)=0)),"명렬에 없는 이름","")))))
A25: =IF(MONTH(((DATE($D$1,$F$1,1)+CHOOSE(WEEKDAY(DATE($D$1,$F$1,1)),1,0,0,0,0,0,2))+21+2*INT((WEEKDAY((DATE($D$1,$F$1,1)+CHOOSE(WEEKDAY(DATE($D$1,$F$1,1)),1,0,0,0,0,0,2)),2)-1+21)/5)))=$F$1,((DATE($D$1,$F$1,1)+CHOOSE(WEEKDAY(DATE($D$1,$F$1,1)),1,0,0,0,0,0,2))+21+2*INT((WEEKDAY((DATE($D$1,$F$1,1)+CHOOSE(WEEKDAY(DATE($D$1,$F$1,1)),1,0,0,0,0,0,2)),2)-1+21)/5)),"") | E25: =IF(A25="","",CHOOSE(WEEKDAY(A25),"일","월","화","수","목","금","토")) | F25: =IF(COUNTA(B25:D25)=0,"",IF(A25="","날짜 없음",IF(OR(AND(B25<>"",B25=C25),AND(B25<>"",B25=D25),AND(C25<>"",C25=D25)),"같은 사람 두 칸",IF(COUNTA('명렬'!$A$2:$A$400)=0,"",IF(OR(AND(B25<>"",COUNTIF('명렬'!$A$2:$A$400,B25)=0),AND(C25<>"",COUNTIF('명렬'!$A$2:$A$400,C25)=0),AND(D25<>"",COUNTIF('명렬'!$A$2:$A$400,D25)=0)),"명렬에 없는 이름","")))))
A26: =IF(MONTH(((DATE($D$1,$F$1,1)+CHOOSE(WEEKDAY(DATE($D$1,$F$1,1)),1,0,0,0,0,0,2))+22+2*INT((WEEKDAY((DATE($D$1,$F$1,1)+CHOOSE(WEEKDAY(DATE($D$1,$F$1,1)),1,0,0,0,0,0,2)),2)-1+22)/5)))=$F$1,((DATE($D$1,$F$1,1)+CHOOSE(WEEKDAY(DATE($D$1,$F$1,1)),1,0,0,0,0,0,2))+22+2*INT((WEEKDAY((DATE($D$1,$F$1,1)+CHOOSE(WEEKDAY(DATE($D$1,$F$1,1)),1,0,0,0,0,0,2)),2)-1+22)/5)),"") | E26: =IF(A26="","",CHOOSE(WEEKDAY(A26),"일","월","화","수","목","금","토")) | F26: =IF(COUNTA(B26:D26)=0,"",IF(A26="","날짜 없음",IF(OR(AND(B26<>"",B26=C26),AND(B26<>"",B26=D26),AND(C26<>"",C26=D26)),"같은 사람 두 칸",IF(COUNTA('명렬'!$A$2:$A$400)=0,"",IF(OR(AND(B26<>"",COUNTIF('명렬'!$A$2:$A$400,B26)=0),AND(C26<>"",COUNTIF('명렬'!$A$2:$A$400,C26)=0),AND(D26<>"",COUNTIF('명렬'!$A$2:$A$400,D26)=0)),"명렬에 없는 이름","")))))
E27: =IF(A27="","",CHOOSE(WEEKDAY(A27),"일","월","화","수","목","금","토")) | F27: =IF(COUNTA(B27:D27)=0,"",IF(A27="","날짜 없음",IF(OR(AND(B27<>"",B27=C27),AND(B27<>"",B27=D27),AND(C27<>"",C27=D27)),"같은 사람 두 칸",IF(COUNTA('명렬'!$A$2:$A$400)=0,"",IF(OR(AND(B27<>"",COUNTIF('명렬'!$A$2:$A$400,B27)=0),AND(C27<>"",COUNTIF('명렬'!$A$2:$A$400,C27)=0),AND(D27<>"",COUNTIF('명렬'!$A$2:$A$400,D27)=0)),"명렬에 없는 이름","")))))
E28: =IF(A28="","",CHOOSE(WEEKDAY(A28),"일","월","화","수","목","금","토")) | F28: =IF(COUNTA(B28:D28)=0,"",IF(A28="","날짜 없음",IF(OR(AND(B28<>"",B28=C28),AND(B28<>"",B28=D28),AND(C28<>"",C28=D28)),"같은 사람 두 칸",IF(COUNTA('명렬'!$A$2:$A$400)=0,"",IF(OR(AND(B28<>"",COUNTIF('명렬'!$A$2:$A$400,B28)=0),AND(C28<>"",COUNTIF('명렬'!$A$2:$A$400,C28)=0),AND(D28<>"",COUNTIF('명렬'!$A$2:$A$400,D28)=0)),"명렬에 없는 이름","")))))
E29: =IF(A29="","",CHOOSE(WEEKDAY(A29),"일","월","화","수","목","금","토")) | F29: =IF(COUNTA(B29:D29)=0,"",IF(A29="","날짜 없음",IF(OR(AND(B29<>"",B29=C29),AND(B29<>"",B29=D29),AND(C29<>"",C29=D29)),"같은 사람 두 칸",IF(COUNTA('명렬'!$A$2:$A$400)=0,"",IF(OR(AND(B29<>"",COUNTIF('명렬'!$A$2:$A$400,B29)=0),AND(C29<>"",COUNTIF('명렬'!$A$2:$A$400,C29)=0),AND(D29<>"",COUNTIF('명렬'!$A$2:$A$400,D29)=0)),"명렬에 없는 이름","")))))
E30: =IF(A30="","",CHOOSE(WEEKDAY(A30),"일","월","화","수","목","금","토")) | F30: =IF(COUNTA(B30:D30)=0,"",IF(A30="","날짜 없음",IF(OR(AND(B30<>"",B30=C30),AND(B30<>"",B30=D30),AND(C30<>"",C30=D30)),"같은 사람 두 칸",IF(COUNTA('명렬'!$A$2:$A$400)=0,"",IF(OR(AND(B30<>"",COUNTIF('명렬'!$A$2:$A$400,B30)=0),AND(C30<>"",COUNTIF('명렬'!$A$2:$A$400,C30)=0),AND(D30<>"",COUNTIF('명렬'!$A$2:$A$400,D30)=0)),"명렬에 없는 이름","")))))
E31: =IF(A31="","",CHOOSE(WEEKDAY(A31),"일","월","화","수","목","금","토")) | F31: =IF(COUNTA(B31:D31)=0,"",IF(A31="","날짜 없음",IF(OR(AND(B31<>"",B31=C31),AND(B31<>"",B31=D31),AND(C31<>"",C31=D31)),"같은 사람 두 칸",IF(COUNTA('명렬'!$A$2:$A$400)=0,"",IF(OR(AND(B31<>"",COUNTIF('명렬'!$A$2:$A$400,B31)=0),AND(C31<>"",COUNTIF('명렬'!$A$2:$A$400,C31)=0),AND(D31<>"",COUNTIF('명렬'!$A$2:$A$400,D31)=0)),"명렬에 없는 이름","")))))
E32: =IF(A32="","",CHOOSE(WEEKDAY(A32),"일","월","화","수","목","금","토")) | F32: =IF(COUNTA(B32:D32)=0,"",IF(A32="","날짜 없음",IF(OR(AND(B32<>"",B32=C32),AND(B32<>"",B32=D32),AND(C32<>"",C32=D32)),"같은 사람 두 칸",IF(COUNTA('명렬'!$A$2:$A$400)=0,"",IF(OR(AND(B32<>"",COUNTIF('명렬'!$A$2:$A$400,B32)=0),AND(C32<>"",COUNTIF('명렬'!$A$2:$A$400,C32)=0),AND(D32<>"",COUNTIF('명렬'!$A$2:$A$400,D32)=0)),"명렬에 없는 이름","")))))
E33: =IF(A33="","",CHOOSE(WEEKDAY(A33),"일","월","화","수","목","금","토")) | F33: =IF(COUNTA(B33:D33)=0,"",IF(A33="","날짜 없음",IF(OR(AND(B33<>"",B33=C33),AND(B33<>"",B33=D33),AND(C33<>"",C33=D33)),"같은 사람 두 칸",IF(COUNTA('명렬'!$A$2:$A$400)=0,"",IF(OR(AND(B33<>"",COUNTIF('명렬'!$A$2:$A$400,B33)=0),AND(C33<>"",COUNTIF('명렬'!$A$2:$A$400,C33)=0),AND(D33<>"",COUNTIF('명렬'!$A$2:$A$400,D33)=0)),"명렬에 없는 이름","")))))

Sheet 명렬
A1: 이름 | B1: ← 선생님 이름을 A열에 한 줄에 한 명씩 붙여 넣으세요(교원 명렬 엑셀의 이름 열). 감독 칸의 고르기 목록과 「명렬에 없는 이름」 확인에 씁니다.

Sheet 안내
A1: 자율학습 감독표 양식
A3: 1. 「명렬」 시트 A열에 선생님 이름을 붙여 넣습니다 (한 번만).
A4: 2. 「감독표」 시트 맨 위 노란 칸에 학년·연도·월을 적습니다. 그달 평일이 날짜 칸에 채워집니다.
A5: 3. 자율학습이 없는 날(공휴일·시험 등)은 그 줄의 날짜 칸을 지웁니다. 토요일 등은 아래 노란 날짜 칸에 직접 적습니다.
A6: 4. 감독1·감독2·감독3(심야) 칸을 채웁니다. 칸을 누르면 명렬에서 고를 수 있습니다.
A7: 5. 「확인」 열이 비어 있는지 봅니다 (같은 사람 두 칸, 명렬에 없는 이름이면 빨갛게 표시됩니다).
A8: 6. A~D열(날짜·감독1·감독2·감독3)을 드래그해 복사(Ctrl+C) → 앱 「🌙 감독표 → 배정」 칸에 붙여 넣기 → 미리보기 → 확정.
A10: · 머리글 줄(날짜·감독1…)이나 비어 있는 줄은 같이 복사돼도 앱이 건너뜁니다.
A11: · 이미 배정된 날짜는 덮어쓰지 않습니다. 바꾸려면 앱 「감독표」 화면에서 칸을 눌러 정정합니다.
A12: · 한 학년 세 칸만 들어갑니다. 다른 학년 칸은 그 학년 기획 담당이 넣습니다.
A14: 예시 (붙여 넣으면 이렇게 들어갑니다)
A15: 날짜 | B15: 감독1 | C15: 감독2 | D15: 감독3 (심야)
A16: 2026-11-02 | B16: 김○○ | C16: 이○○ | D16: 박○○
A17: 2026-11-03 | B17: 정○○ | C17: 한○○ | D17: 오○○
